name,rmse,r2,saved_to,best_params,cv_rmse_mean,cv_rmse_std
DTree,,,../models\DTree_best.joblib,"[('pre', ColumnTransformer(transformers=[('num',
                                 Pipeline(steps=[('imputer',
                                                  SimpleImputer(strategy='median')),
                                                 ('scaler', StandardScaler())]),
                                 ['model_year', 'age', 'mileage', 'hp',
                                  'displ_l', 'brand_freq', 'model_freq',
                                  'accident_flag', 'clean_title_flag']),
                                ('cat',
                                 Pipeline(steps=[('imputer',
                                                  SimpleImputer(strategy='most_frequent')),
                                                 ('onehot',
                                                  OneHotEncoder(handle_unknown='ignore'))]),
                                 ['brand_grp', 'model_grp', 'fuel_type',
                                  'transmission'])])), ('model', DecisionTreeRegressor(max_depth=5, min_samples_leaf=3, random_state=42))]",,
KNN,,,../models\KNN_best.joblib,"[('pre', ColumnTransformer(transformers=[('num',
                                 Pipeline(steps=[('imputer',
                                                  SimpleImputer(strategy='median')),
                                                 ('scaler', StandardScaler())]),
                                 ['model_year', 'age', 'mileage', 'hp',
                                  'displ_l', 'brand_freq', 'model_freq',
                                  'accident_flag', 'clean_title_flag']),
                                ('cat',
                                 Pipeline(steps=[('imputer',
                                                  SimpleImputer(strategy='most_frequent')),
                                                 ('onehot',
                                                  OneHotEncoder(handle_unknown='ignore'))]),
                                 ['brand_grp', 'model_grp', 'fuel_type',
                                  'transmission'])])), ('model', KNeighborsRegressor())]",,
Linear,,,../models\Linear_best.joblib,"[('pre', ColumnTransformer(transformers=[('num',
                                 Pipeline(steps=[('imputer',
                                                  SimpleImputer(strategy='median')),
                                                 ('scaler', StandardScaler())]),
                                 ['model_year', 'age', 'mileage', 'hp',
                                  'displ_l', 'brand_freq', 'model_freq',
                                  'accident_flag', 'clean_title_flag']),
                                ('cat',
                                 Pipeline(steps=[('imputer',
                                                  SimpleImputer(strategy='most_frequent')),
                                                 ('onehot',
                                                  OneHotEncoder(handle_unknown='ignore'))]),
                                 ['brand_grp', 'model_grp', 'fuel_type',
                                  'transmission'])])), ('model', LinearRegression(fit_intercept=False))]",,
